cohort_month,cohort_index,customer_id,cohort_size,retention_pct
2024-01-01,0,18293,18293,100.0
2024-01-01,1,5340,18293,29.19
2024-01-01,2,5625,18293,30.75
2024-01-01,3,5419,18293,29.62
2024-01-01,4,5539,18293,30.28
2024-01-01,5,5344,18293,29.21
2024-01-01,6,5706,18293,31.19
2024-01-01,7,5575,18293,30.48
2024-01-01,8,5427,18293,29.67
2024-01-01,9,5573,18293,30.47
2024-01-01,10,5516,18293,30.15
2024-01-01,11,5625,18293,30.75
2024-01-01,12,5659,18293,30.94
2024-01-01,13,5124,18293,28.01
2024-01-01,14,5690,18293,31.1
2024-01-01,15,5522,18293,30.19
2024-01-01,16,5653,18293,30.9
2024-01-01,17,5535,18293,30.26
2024-01-01,18,5507,18293,30.1
2024-01-01,19,5737,18293,31.36
2024-01-01,20,5564,18293,30.42
2024-01-01,21,5607,18293,30.65
2024-01-01,22,5411,18293,29.58
2024-01-01,23,5652,18293,30.9
2024-02-01,0,12120,12120,100.0
2024-02-01,1,3778,12120,31.17
2024-02-01,2,3644,12120,30.07
2024-02-01,3,3807,12120,31.41
2024-02-01,4,3594,12120,29.65
2024-02-01,5,3723,12120,30.72
2024-02-01,6,3776,12120,31.16
2024-02-01,7,3560,12120,29.37
2024-02-01,8,3667,12120,30.26
2024-02-01,9,3627,12120,29.93
2024-02-01,10,3742,12120,30.87
2024-02-01,11,3745,12120,30.9
2024-02-01,12,3378,12120,27.87
2024-02-01,13,3780,12120,31.19
2024-02-01,14,3679,12120,30.35
2024-02-01,15,3792,12120,31.29
2024-02-01,16,3677,12120,30.34
2024-02-01,17,3742,12120,30.87
2024-02-01,18,3757,12120,31.0
2024-02-01,19,3628,12120,29.93
2024-02-01,20,3706,12120,30.58
2024-02-01,21,3688,12120,30.43
2024-02-01,22,3665,12120,30.24
2024-03-01,0,9136,9136,100.0
2024-03-01,1,2795,9136,30.59
2024-03-01,2,2789,9136,30.53
2024-03-01,3,2754,9136,30.14
2024-03-01,4,2812,9136,30.78
2024-03-01,5,2804,9136,30.69
2024-03-01,6,2744,9136,30.04
2024-03-01,7,2863,9136,31.34
2024-03-01,8,2803,9136,30.68
2024-03-01,9,2793,9136,30.57
2024-03-01,10,2759,9136,30.2
2024-03-01,11,2550,9136,27.91
2024-03-01,12,2815,9136,30.81
2024-03-01,13,2665,9136,29.17
2024-03-01,14,2866,9136,31.37
2024-03-01,15,2773,9136,30.35
2024-03-01,16,2752,9136,30.12
2024-03-01,17,2809,9136,30.75
2024-03-01,18,2701,9136,29.56
2024-03-01,19,2775,9136,30.37
2024-03-01,20,2752,9136,30.12
2024-03-01,21,2866,9136,31.37
2024-04-01,0,6100,6100,100.0
2024-04-01,1,1913,6100,31.36
2024-04-01,2,1828,6100,29.97
2024-04-01,3,1888,6100,30.95
2024-04-01,4,1842,6100,30.2
2024-04-01,5,1809,6100,29.66
2024-04-01,6,1860,6100,30.49
2024-04-01,7,1807,6100,29.62
2024-04-01,8,1845,6100,30.25
2024-04-01,9,1867,6100,30.61
2024-04-01,10,1712,6100,28.07
2024-04-01,11,1901,6100,31.16
2024-04-01,12,1793,6100,29.39
2024-04-01,13,1903,6100,31.2
2024-04-01,14,1795,6100,29.43
2024-04-01,15,1973,6100,32.34
2024-04-01,16,1915,6100,31.39
2024-04-01,17,1800,6100,29.51
2024-04-01,18,1851,6100,30.34
2024-04-01,19,1862,6100,30.52
2024-04-01,20,1883,6100,30.87
2024-05-01,0,4436,4436,100.0
2024-05-01,1,1295,4436,29.19
2024-05-01,2,1344,4436,30.3
2024-05-01,3,1375,4436,31.0
2024-05-01,4,1317,4436,29.69
2024-05-01,5,1403,4436,31.63
2024-05-01,6,1343,4436,30.28
2024-05-01,7,1388,4436,31.29
2024-05-01,8,1352,4436,30.48
2024-05-01,9,1255,4436,28.29
2024-05-01,10,1320,4436,29.76
2024-05-01,11,1299,4436,29.28
2024-05-01,12,1367,4436,30.82
2024-05-01,13,1388,4436,31.29
2024-05-01,14,1343,4436,30.28
2024-05-01,15,1378,4436,31.06
2024-05-01,16,1315,4436,29.64
2024-05-01,17,1341,4436,30.23
2024-05-01,18,1368,4436,30.84
2024-05-01,19,1384,4436,31.2
2024-06-01,0,3079,3079,100.0
2024-06-01,1,894,3079,29.04
2024-06-01,2,943,3079,30.63
2024-06-01,3,975,3079,31.67
2024-06-01,4,992,3079,32.22
2024-06-01,5,907,3079,29.46
2024-06-01,6,905,3079,29.39
2024-06-01,7,952,3079,30.92
2024-06-01,8,857,3079,27.83
2024-06-01,9,951,3079,30.89
2024-06-01,10,917,3079,29.78
2024-06-01,11,928,3079,30.14
2024-06-01,12,865,3079,28.09
2024-06-01,13,923,3079,29.98
2024-06-01,14,968,3079,31.44
2024-06-01,15,919,3079,29.85
2024-06-01,16,933,3079,30.3
2024-06-01,17,960,3079,31.18
2024-06-01,18,935,3079,30.37
2024-07-01,0,2095,2095,100.0
2024-07-01,1,658,2095,31.41
2024-07-01,2,616,2095,29.4
2024-07-01,3,644,2095,30.74
2024-07-01,4,664,2095,31.69
2024-07-01,5,630,2095,30.07
2024-07-01,6,659,2095,31.46
2024-07-01,7,585,2095,27.92
2024-07-01,8,649,2095,30.98
2024-07-01,9,616,2095,29.4
2024-07-01,10,644,2095,30.74
2024-07-01,11,627,2095,29.93
2024-07-01,12,600,2095,28.64
2024-07-01,13,615,2095,29.36
2024-07-01,14,613,2095,29.26
2024-07-01,15,642,2095,30.64
2024-07-01,16,625,2095,29.83
2024-07-01,17,643,2095,30.69
2024-08-01,0,1405,1405,100.0
2024-08-01,1,414,1405,29.47
2024-08-01,2,415,1405,29.54
2024-08-01,3,393,1405,27.97
2024-08-01,4,447,1405,31.81
2024-08-01,5,455,1405,32.38
2024-08-01,6,361,1405,25.69
2024-08-01,7,406,1405,28.9
2024-08-01,8,422,1405,30.04
2024-08-01,9,463,1405,32.95
2024-08-01,10,471,1405,33.52
2024-08-01,11,377,1405,26.83
2024-08-01,12,425,1405,30.25
2024-08-01,13,423,1405,30.11
2024-08-01,14,415,1405,29.54
2024-08-01,15,413,1405,29.4
2024-08-01,16,446,1405,31.74
2024-09-01,0,1042,1042,100.0
2024-09-01,1,319,1042,30.61
2024-09-01,2,327,1042,31.38
2024-09-01,3,350,1042,33.59
2024-09-01,4,301,1042,28.89
2024-09-01,5,309,1042,29.65
2024-09-01,6,336,1042,32.25
2024-09-01,7,303,1042,29.08
2024-09-01,8,346,1042,33.21
2024-09-01,9,331,1042,31.77
2024-09-01,10,317,1042,30.42
2024-09-01,11,316,1042,30.33
2024-09-01,12,320,1042,30.71
2024-09-01,13,360,1042,34.55
2024-09-01,14,331,1042,31.77
2024-09-01,15,293,1042,28.12
2024-10-01,0,686,686,100.0
2024-10-01,1,209,686,30.47
2024-10-01,2,188,686,27.41
2024-10-01,3,199,686,29.01
2024-10-01,4,193,686,28.13
2024-10-01,5,217,686,31.63
2024-10-01,6,204,686,29.74
2024-10-01,7,218,686,31.78
2024-10-01,8,203,686,29.59
2024-10-01,9,216,686,31.49
2024-10-01,10,220,686,32.07
2024-10-01,11,203,686,29.59
2024-10-01,12,213,686,31.05
2024-10-01,13,207,686,30.17
2024-10-01,14,215,686,31.34
2024-11-01,0,479,479,100.0
2024-11-01,1,157,479,32.78
2024-11-01,2,132,479,27.56
2024-11-01,3,131,479,27.35
2024-11-01,4,155,479,32.36
2024-11-01,5,142,479,29.65
2024-11-01,6,149,479,31.11
2024-11-01,7,156,479,32.57
2024-11-01,8,131,479,27.35
2024-11-01,9,150,479,31.32
2024-11-01,10,135,479,28.18
2024-11-01,11,147,479,30.69
2024-11-01,12,151,479,31.52
2024-11-01,13,156,479,32.57
2024-12-01,0,356,356,100.0
2024-12-01,1,105,356,29.49
2024-12-01,2,91,356,25.56
2024-12-01,3,101,356,28.37
2024-12-01,4,95,356,26.69
2024-12-01,5,106,356,29.78
2024-12-01,6,111,356,31.18
2024-12-01,7,107,356,30.06
2024-12-01,8,113,356,31.74
2024-12-01,9,112,356,31.46
2024-12-01,10,97,356,27.25
2024-12-01,11,108,356,30.34
2024-12-01,12,113,356,31.74
2025-01-01,0,237,237,100.0
2025-01-01,1,60,237,25.32
2025-01-01,2,68,237,28.69
2025-01-01,3,67,237,28.27
2025-01-01,4,72,237,30.38
2025-01-01,5,69,237,29.11
2025-01-01,6,83,237,35.02
2025-01-01,7,77,237,32.49
2025-01-01,8,80,237,33.76
2025-01-01,9,72,237,30.38
2025-01-01,10,66,237,27.85
2025-01-01,11,67,237,28.27
2025-02-01,0,164,164,100.0
2025-02-01,1,51,164,31.1
2025-02-01,2,50,164,30.49
2025-02-01,3,53,164,32.32
2025-02-01,4,41,164,25.0
2025-02-01,5,54,164,32.93
2025-02-01,6,45,164,27.44
2025-02-01,7,45,164,27.44
2025-02-01,8,53,164,32.32
2025-02-01,9,50,164,30.49
2025-02-01,10,58,164,35.37
2025-03-01,0,105,105,100.0
2025-03-01,1,25,105,23.81
2025-03-01,2,32,105,30.48
2025-03-01,3,24,105,22.86
2025-03-01,4,19,105,18.1
2025-03-01,5,20,105,19.05
2025-03-01,6,26,105,24.76
2025-03-01,7,31,105,29.52
2025-03-01,8,29,105,27.62
2025-03-01,9,33,105,31.43
2025-04-01,0,81,81,100.0
2025-04-01,1,30,81,37.04
2025-04-01,2,26,81,32.1
2025-04-01,3,22,81,27.16
2025-04-01,4,31,81,38.27
2025-04-01,5,22,81,27.16
2025-04-01,6,24,81,29.63
2025-04-01,7,19,81,23.46
2025-04-01,8,35,81,43.21
2025-05-01,0,64,64,100.0
2025-05-01,1,23,64,35.94
2025-05-01,2,26,64,40.62
2025-05-01,3,21,64,32.81
2025-05-01,4,10,64,15.62
2025-05-01,5,19,64,29.69
2025-05-01,6,19,64,29.69
2025-05-01,7,23,64,35.94
2025-06-01,0,49,49,100.0
2025-06-01,1,18,49,36.73
2025-06-01,2,10,49,20.41
2025-06-01,3,14,49,28.57
2025-06-01,4,15,49,30.61
2025-06-01,5,13,49,26.53
2025-06-01,6,9,49,18.37
2025-07-01,0,23,23,100.0
2025-07-01,1,7,23,30.43
2025-07-01,2,9,23,39.13
2025-07-01,3,8,23,34.78
2025-07-01,4,5,23,21.74
2025-07-01,5,5,23,21.74
2025-08-01,0,15,15,100.0
2025-08-01,1,5,15,33.33
2025-08-01,2,6,15,40.0
2025-08-01,3,2,15,13.33
2025-08-01,4,6,15,40.0
2025-09-01,0,6,6,100.0
2025-09-01,1,3,6,50.0
2025-09-01,2,3,6,50.0
2025-09-01,3,2,6,33.33
2025-10-01,0,12,12,100.0
2025-10-01,1,2,12,16.67
2025-10-01,2,4,12,33.33
2025-11-01,0,7,7,100.0
2025-11-01,1,2,7,28.57
2025-12-01,0,6,6,100.0
