month,credits,debits,fee_revenue,transactions
2024-01,2002848.64,5978160.56,792072.22,21864
2024-02,1918564.43,5638226.66,716782.84,20659
2024-03,2003616.12,5955588.08,798858.5,22194
2024-04,1982344.23,5835625.52,796012.18,21308
2024-05,1997483.66,5960549.76,776927.19,22159
2024-06,1934185.11,5749317.5,771304.61,21168
2024-07,1970510.3,6016544.97,801300.42,22182
2024-08,1997988.29,5944979.84,800030.43,22056
2024-09,1922427.53,5824635.12,714576.03,21175
2024-10,1992421.89,5878430.4,772885.52,21892
2024-11,1894142.98,5832783.35,753355.48,21437
2024-12,1986503.24,5929257.69,796627.9,21952
2025-01,2009390.14,6053546.91,798320.73,22013
2025-02,1803965.47,5242621.65,732653.36,19709
2025-03,1985588.13,5977012.73,801609.0,22187
2025-04,2001177.28,5827498.19,797223.01,21204
2025-05,2041147.78,6152097.81,817658.39,22307
2025-06,1933572.7,5928774.63,774815.32,21571
2025-07,1911459.87,5895049.56,764447.2,21818
2025-08,2098011.24,6033937.88,813038.0,22199
2025-09,1955303.01,5891210.14,750161.62,21397
2025-10,1993913.19,5951713.98,756867.51,21970
2025-11,1948821.16,5869367.59,738987.36,21469
2025-12,1941963.86,6051929.82,800321.63,22110
